{"loss": NaN, "_timestamp": 1727186246.5515985, "_runtime": 115.19163465499878, "_step": 99, "_wandb": {"runtime": 115}}