{"mean_energy": 24451.396484375, "mean_p_ref": -6108.626953125, "mean_prb_ratio": 12017.9931640625, "_timestamp": 1727186837.3457496, "_runtime": 117.83499550819397, "_step": 999, "loss": 29152.3662109375, "_wandb": {"runtime": 118}}