{"loss": 29152.3662109375, "_timestamp": 1727186408.7001224, "_runtime": 116.7045693397522, "_step": 99, "_wandb": {"runtime": 116}}